t_ms,ref_mdeg,enc_mdeg,hat_mdeg,vref_mdegs,what_mdegs,duty_milli,cur_01ma
0,0,0,0,0,0,131,0
5,129,129,29,16999,3308,172,1458
10,469,469,152,32412,12026,190,2066
15,995,995,385,47210,25513,206,2249
20,1670,1670,729,61162,42821,222,2340
25,2473,2473,1189,74428,63410,236,2407
30,3387,3387,1766,87103,86846,251,2464
35,4401,4401,2465,99289,112846,264,2503
40,5149,5500,3288,107397,140923,186,2453
45,5700,6449,4187,112997,160744,-27,294
50,6279,6924,5033,118597,163154,13,-1724
55,6886,7144,5762,124197,154487,228,-394
60,7521,7578,6475,129797,147590,284,2225
65,8184,8355,7292,135397,146333,262,2637
70,8875,9317,8229,140997,147051,185,2071
75,9594,10257,9244,146597,144667,156,1066
80,10341,11092,10286,152197,137744,172,697
85,11116,11881,11339,157797,135923,193,902
90,11919,12685,12415,163397,146385,187,1054
95,12750,13495,13516,168997,161385,175,882
100,13609,14287,14633,174597,168641,194,749
105,14496,15099,15767,180197,168205,234,1014
110,15411,16005,16935,185797,166487,261,1447
115,16354,17029,18160,191397,169154,254,1621
120,17325,18121,19447,196997,176154,226,1374
125,18324,19202,20777,202597,183641,207,946
130,19351,20233,22125,208197,189359,212,705
135,20406,21236,23482,213797,194385,233,772
140,21489,22263,24855,219397,200462,252,992
145,22600,23347,26256,224997,207077,263,1156
150,23739,24492,27694,230597,212590,267,1204
155,24906,25687,29170,236197,216487,271,1188
160,26101,26920,30684,241797,220000,273,1156
165,27324,28182,32234,247397,224872,271,1098
170,28575,29458,33814,252997,231385,269,1006
175,29854,30739,35420,258597,238487,271,925
180,31161,32026,37048,264197,244897,280,911
185,32496,33336,38698,269797,250385,293,986
190,33859,34686,40375,275397,255359,304,1088
195,35250,36085,42084,280997,260359,310,1148
200,36669,37530,43828,286597,265615,310,1135
205,38116,39004,45606,292197,270974,310,1037
210,39591,40498,47409,297797,276513,312,903
215,41094,42007,49231,303397,282333,316,799
220,42625,43533,51065,308997,288385,323,736
225,44184,45084,52908,314597,294410,330,707
230,45771,46666,54758,320197,300103,337,694
235,47386,48282,56614,325797,305410,344,695
240,49029,49935,58476,331397,310564,349,695
245,50700,51622,60344,336997,315897,351,681
250,52399,53336,62218,342597,321462,354,655
255,54125,55073,64095,348197,327256,357,634
260,55880,56831,65973,353797,333077,362,633
265,57663,58612,67855,359397,338821,369,661
270,59474,60422,69742,364997,344513,375,708
275,61313,62263,71637,370597,350077,381,760
280,63180,64136,73544,376197,355538,386,810
285,65075,66040,75466,381797,360974,390,849
290,66998,67974,77404,387397,366462,394,883
295,68949,69933,79360,392997,372051,398,908
300,70928,71918,81338,398597,377769,403,944
305,72935,73929,83339,404197,383513,408,983
310,74970,75966,85366,409797,389179,413,1021
315,77033,78032,87421,415397,394795,419,1061
320,79124,80127,89507,420997,400333,424,1101
325,81243,82252,91626,426597,405846,429,1133
330,83390,84407,93780,432197,411359,433,1155
335,85565,86589,95971,437797,416949,438,1169
340,87768,88799,98199,443397,422590,442,1177
345,89999,91035,100465,448997,428231,447,1185
350,92258,93298,102769,454597,433872,452,1187
355,94545,95590,105111,460197,439538,457,1191
360,96860,97909,107492,465797,445103,463,1193
365,99203,100257,109912,471397,450667,468,1191
370,101574,102634,112370,476997,456231,472,1181
375,103973,105040,114866,482597,461821,477,1170
380,106400,107473,117400,488197,467410,482,1150
385,108855,109934,119970,493797,473026,486,1131
390,111338,112422,122574,499397,478667,491,1113
395,113849,114938,125211,504997,484282,496,1096
400,116388,117481,127880,510597,489872,502,1080
405,118955,120053,130581,516197,495462,507,1065
410,121550,122654,133313,521797,501051,511,1050
415,124173,125283,136073,527397,506641,516,1030
420,126824,127940,138860,532997,512231,521,1015
425,129503,130625,141675,538597,517821,526,997
430,132210,133337,144516,544197,523436,531,987
435,134945,136077,147382,549797,529051,535,974
440,137708,138845,150272,555397,534667,541,967
445,140499,141642,153187,560997,540282,545,962
450,143318,144466,156125,566597,545846,550,958
455,146165,147319,159086,572197,551462,555,957
460,149040,150199,162071,577797,557026,560,954
465,151943,153108,165079,583397,562641,565,956
470,154874,156045,168110,588997,568256,569,956
475,157833,159009,171165,594597,573846,574,960
480,160820,162002,174244,600197,579487,579,964
485,163835,165022,177347,605797,585077,584,971
490,166878,168070,180475,611397,590667,589,980
495,169949,171146,183628,616997,596256,594,985
500,173048,174251,186806,622597,601846,599,992
505,176175,177383,190010,628197,607436,604,1001
510,179330,180544,193241,633797,613051,609,1010
515,182513,183733,196499,639397,618641,613,1015
520,185724,186949,199784,644997,624256,618,1021
525,188963,190193,203097,650597,629846,623,1030
530,192230,193465,206437,656197,635436,628,1036
535,195525,196766,209806,661797,641051,633,1044
540,198848,200094,213204,667397,646641,638,1045
545,202199,203451,216631,672997,652256,643,1052
550,205578,206835,220089,678597,657821,648,1055
555,208985,210248,223577,684197,663436,653,1057
560,212420,213688,227095,689797,669026,658,1057
565,215883,217157,230643,695397,674667,662,1060
570,219374,220653,234221,700997,680256,667,1058
575,222893,224178,237829,706597,685872,672,1057
580,226439,227730,241467,712197,691462,677,1055
585,230014,231310,245135,717797,697051,682,1052
590,233617,234919,248833,723397,702641,687,1051
595,237248,238556,252561,728997,708256,691,1047
600,240907,242220,256317,734597,713846,696,1043
605,244594,245912,260102,740197,719436,701,1041
610,248309,249633,263916,745797,725051,706,1038
615,252052,253381,267759,751397,730641,711,1034
620,255823,257158,271630,756997,736256,716,1033
625,259622,260962,275529,762597,741846,721,1028
630,263449,264794,279457,768197,747436,726,1026
635,267304,268655,283413,773797,753051,731,1024
640,271187,272543,287396,779397,758641,736,1021
645,275098,276460,291407,784997,764256,740,1019
650,279037,280404,295446,790597,769846,745,1016
655,283004,284377,299511,796197,775462,750,1013
660,286998,288373,303604,800000,780949,618,1013
665,290998,292200,307690,800000,781385,660,-686
670,294998,295904,311711,800000,777949,743,-74
675,298998,299701,315707,800000,776179,798,903
680,302998,303682,319730,800000,778410,797,1432
685,306998,307792,323801,800000,783205,758,1268
690,310998,311905,327905,800000,787385,719,709
695,314998,315937,332010,800000,788769,708,243
700,318998,319885,336092,800000,787846,723,151
705,322998,323806,340148,800000,791359,734,328
710,326998,327737,344188,800000,797077,737,425
715,330998,331683,348218,800000,800026,743,451
720,334998,335651,352239,800000,798821,754,533
725,338998,339655,356258,800000,795821,760,663
730,342998,343696,360283,800000,794256,754,717
735,346998,347749,364313,800000,795308,738,609
740,350998,351778,368341,800000,797667,725,409
745,354998,355763,372355,800000,799282,725,274
750,358998,359717,376349,800000,799795,735,308
755,362998,363671,380326,800000,799897,746,457
760,366998,367649,384297,800000,800000,751,598
765,370998,371655,388269,800000,799846,750,659
770,374998,375678,392245,800000,799256,746,649
775,378998,379703,396224,800000,798590,742,607
780,382998,383719,400202,800000,798462,738,563
785,386998,387721,404179,800000,799103,736,530
790,390998,391709,408150,800000,800051,736,517
795,394998,395690,412117,800000,800667,740,542
800,398998,399673,416082,800000,800641,744,598
805,402998,403666,420048,800000,800205,747,661
810,406998,407671,424019,800000,799692,747,699
815,410998,411685,427996,800000,799436,744,695
820,414998,415700,431978,800000,799487,740,659
825,418998,419705,435965,800000,799615,738,619
830,422998,423702,439952,800000,799897,738,603
835,426998,427692,443941,800000,800154,740,610
840,430998,431683,447931,800000,800333,742,631
845,434997,435677,451922,799003,800282,609,652
850,438978,439530,455891,793403,796333,630,-721
855,442931,443191,459781,787803,787231,704,-603
860,446856,446879,463611,782203,778897,758,319
865,450753,450705,467431,776603,774359,769,919
870,454622,454653,471272,771003,773154,743,984
875,458463,458630,475131,765403,772821,703,619
880,462276,462541,478983,759803,770744,672,148
885,466061,466340,482801,754203,765846,662,-166
890,469818,470045,486569,748603,763436,669,-215
895,473548,473701,490288,743003,763590,681,-74
900,477249,477351,493967,737403,762026,688,107
905,480922,481014,497615,731803,757103,684,204
910,484567,484679,501237,726203,749462,673,180
915,488184,488322,504830,720603,741077,660,79
920,491773,491925,508387,715003,733718,650,-23
925,495334,495481,511903,709403,728026,645,-76
930,498867,498995,515377,703803,723513,644,-68
935,502372,502480,518808,698203,719231,642,-17
940,505849,505943,522200,692603,714359,640,32
945,509298,509388,525556,687003,708744,634,64
950,512719,512810,528876,681403,702564,628,67
955,516112,516204,532162,675803,696359,621,61
960,519477,519567,535413,670203,690436,616,58
965,522814,522898,538629,664603,684897,611,67
970,526123,526198,541812,659003,679590,607,90
975,529404,529470,544962,653403,674256,603,118
980,532657,532716,548081,647803,668769,598,144
985,535882,535937,551171,642203,663154,593,163
990,539079,539130,554234,636603,657410,588,176
995,542248,542295,557269,631003,651692,583,183
1000,545389,545431,560278,625403,646026,578,193
1005,548502,548538,563260,619803,640462,573,203
1010,551587,551617,566217,614203,634949,568,213
1015,554644,554668,569149,608603,629410,563,223
1020,557673,557691,572057,603003,623821,559,232
1025,560674,560686,574941,597403,618179,554,236
1030,563647,563655,577802,591803,612564,549,239
1035,566592,566595,580639,586203,606923,544,235
1040,569509,569506,583452,580603,601308,539,233
1045,572398,572390,586241,575003,595744,534,231
1050,575259,575245,589007,569403,590154,529,226
1055,578092,578072,591749,563803,584564,525,224
1060,580897,580872,594466,558203,578974,519,219
1065,583674,583644,597159,552603,573385,514,211
1070,586423,586387,599826,547003,567744,510,204
1075,589144,589103,602469,541403,562154,505,197
1080,591837,591790,605086,535803,556538,500,189
1085,594502,594450,607676,530203,550949,495,182
1090,597139,597081,610239,524603,545359,490,174
1095,599748,599685,612774,519003,539769,485,166
1100,602329,602260,615281,513403,534154,481,160
1105,604882,604808,617759,507803,528538,475,154
1110,607407,607327,620208,502203,522949,471,150
1115,609904,609819,622627,496603,517359,466,145
1120,612373,612282,625017,491003,511744,461,140
1125,614814,614718,627378,485403,506154,456,139
1130,617227,617125,629709,479803,500538,451,137
1135,619612,619505,632010,474203,494949,446,136
1140,621969,621857,634281,468603,489359,441,136
1145,624298,624180,636522,463003,483744,437,137
1150,626599,626476,638733,457403,478154,432,136
1155,628872,628743,640914,451803,472538,427,138
1160,631117,630982,643066,446203,466923,422,143
1165,633334,633194,645188,440603,461333,417,145
1170,635523,635377,647280,435003,455718,412,147
1175,637684,637533,649343,429403,450154,407,151
1180,639817,639661,651377,423803,444564,402,152
1185,641922,641760,653382,418203,438923,398,158
1190,643999,643832,655358,412603,433333,393,162
1195,646048,645875,657307,407003,427744,388,164
1200,648069,647891,659228,401403,422154,383,166
1205,650062,649878,661121,395803,416538,378,169
1210,652027,651838,662986,390203,410949,373,172
1215,653964,653770,664823,384603,405359,368,174
1220,655874,655673,666633,379003,399744,363,174
1225,657755,657549,668415,373403,394154,358,176
1230,659608,659396,670170,367803,388538,354,177
1235,661433,661215,671897,362203,382923,349,180
1240,663230,663007,673598,356603,377333,344,181
1245,664999,664771,675271,351003,371744,339,180
1250,666740,666506,676917,345403,366128,334,178
1255,668453,668214,678536,339803,360538,329,179
1260,670138,669894,680128,334203,354949,324,177
1265,671795,671545,681692,328603,349359,320,176
1270,673424,673168,683229,323003,343744,315,178
1275,675025,674764,684738,317403,338154,310,177
1280,676598,676332,686220,311803,332564,305,175
1285,678143,677871,687675,306203,326949,300,170
1290,679660,679383,689102,300603,321359,295,172
1295,681149,680866,690501,295003,315744,290,170
1300,682610,682322,691872,289403,310154,285,170
1305,684043,683749,693215,283803,304538,281,169
1310,685448,685149,694531,278203,298974,276,169
1315,686825,686521,695819,272603,293359,270,166
1320,688174,687864,697078,267003,287744,266,163
1325,689495,689180,698309,261403,282154,261,164
1330,690788,690467,699512,255803,276564,256,163
1335,692053,691726,700687,250203,270949,251,161
1340,693290,692958,701834,244603,265359,246,164
1345,694499,694162,702952,239003,259769,241,163
1350,695680,695337,704042,233403,254154,237,162
1355,696833,696485,705103,227803,248538,232,163
1360,697958,697605,706136,222203,242974,227,160
1365,699055,698696,707140,216603,237359,222,161
1370,700124,699759,708116,211003,231744,217,162
1375,701165,700795,709064,205403,226154,212,162
1380,702178,701802,709983,199803,220538,207,165
1385,703163,702782,710875,194203,214949,202,165
1390,704120,703733,711738,188603,209333,198,164
1395,705049,704657,712573,183003,203744,193,168
1400,705950,705553,713379,177403,198154,188,167
1405,706823,706412,714155,171803,192333,134,37
1410,707668,707162,714886,166203,184436,157,-402
1415,708485,707864,715561,160603,176051,186,-9
1420,709274,708599,716203,155003,169205,197,401
1425,710035,709382,716834,149403,164308,183,538
1430,710768,710173,717457,143803,160333,158,394
1435,711473,710916,718062,138203,155846,140,156
1440,712150,711589,718637,132603,150282,134,17
1445,712799,712203,719175,127003,144410,138,47
1450,713420,712783,719679,121403,140513,137,144
1455,714013,713345,720154,115803,136897,134,195
1460,714578,713888,720603,110203,131692,132,219
1465,715115,714415,721028,104603,124949,131,264
1470,715624,714931,721433,99003,118077,127,305
1475,716105,715429,721818,93403,112103,117,296
1480,716558,715897,722182,87803,107205,105,225
1485,716983,716322,722519,82203,102590,97,139
1490,717380,716699,722827,76603,97487,94,103
1495,717749,717041,723104,71003,91949,94,137
1500,718090,717360,723351,65403,86308,94,200
1505,718403,717664,723573,59803,80615,90,244
1510,718688,717952,723773,54203,74872,83,244
1515,718945,718215,723949,48603,68974,76,212
1520,719174,718449,724103,43003,63154,70,173
1525,719375,718648,724239,37403,57615,64,132
1530,719548,718814,724355,31803,52410,58,95
1535,719693,718946,724453,26203,47179,54,60
1540,719810,719055,724535,20603,41872,49,35
1545,719900,719151,724602,15003,36615,40,-14
1550,719961,719230,724654,9403,31359,29,-110
1555,719994,719289,724686,3803,26256,15,-238
1560,720000,719326,724693,0,21410,114,-387
1565,720000,719466,724705,0,20051,83,894
1570,720000,719647,724758,0,20615,88,459
1575,720000,719827,724832,0,22000,43,521
1580,720000,719948,724914,0,22385,13,-29
1585,720000,719993,724973,0,21154,1,-343
1590,720000,720004,724998,0,19487,-1,-427
1595,720000,720003,725007,0,18077,-1,342
1600,720000,720000,725033,0,16846,0,344
1605,720000,719997,725075,0,12667,0,343
1610,720000,719997,725115,0,8051,0,-466
1615,720000,719996,725120,0,3538,1,-447
1620,720000,719996,725100,0,897,1,-411
1625,720000,719996,725056,0,-26,1,-373
1630,720000,719996,724998,0,-231,1,-337
1635,720000,719996,724929,0,-179,1,-301
1640,720000,719996,724854,0,-77,1,-285
1645,720000,719996,724775,0,-26,1,-273
1650,720000,719996,724693,0,-26,1,-265
1655,720000,719996,724609,0,0,1,-256
1660,720000,719996,724525,0,0,1,-248
1665,720000,719996,724441,0,0,1,-240
1670,720000,719996,724358,0,0,1,-236
1675,720000,719996,724276,0,0,1,-230
1680,720000,719996,724195,0,0,1,-225
1685,720000,719996,724115,0,0,1,-219
1690,720000,719996,724036,0,0,1,-216
1695,720000,719996,723958,0,0,1,-210
1700,720000,719996,723882,0,0,1,-206
1705,720000,719996,723806,0,0,1,-201
1710,720000,719996,723732,0,0,1,-197
1715,720000,719996,723659,0,0,1,-194
1720,720000,719996,723587,0,0,1,-189
1725,720000,719996,723517,0,0,1,-186
1730,720000,719996,723448,0,0,1,-182
1735,720000,719996,723380,0,0,1,-179
1740,720000,719996,723314,0,0,1,-175
1745,720000,719996,723249,0,0,1,-172
1750,720000,719996,723185,0,0,1,-168
1755,720000,719996,723122,0,0,1,-164
1760,720000,719996,723060,0,0,1,-161
1765,720000,719996,723000,0,0,1,-158
1770,720000,719996,722942,0,0,1,-155
1775,720000,719996,722885,0,0,1,-151
1780,720000,719996,722829,0,0,1,-150
1785,720000,719996,722774,0,0,1,-146
1790,720000,719996,722719,0,0,1,-144
1795,720000,719996,722665,0,0,1,-139
1800,720000,719996,722613,0,0,1,-138
1805,720000,719996,722562,0,0,1,-134
1810,720000,719996,722512,0,0,1,-133
1815,720000,719996,722463,0,0,1,-129
1820,720000,719996,722415,0,0,1,-127
1825,720000,719996,722368,0,0,1,-123
1830,720000,719996,722322,0,0,1,-121
1835,720000,719996,722277,0,0,1,-119
1840,720000,719996,722233,0,0,1,-116
1845,720000,719996,722188,0,0,1,-114
1850,720000,719996,722144,0,0,1,-112
1855,720000,719996,722101,0,0,1,-110
1860,720000,719996,722059,0,0,1,-107
1865,720000,719996,722018,0,0,1,-104
1870,720000,719996,721979,0,0,1,-102
1875,720000,719996,721940,0,0,1,-102
1880,720000,719996,721902,0,0,1,-99
1885,720000,719996,721865,0,0,1,-97
1890,720000,719996,721828,0,0,1,-96
1895,720000,719996,721792,0,0,1,-94
1900,720000,719996,721757,0,0,1,-91
1905,720000,719996,721722,0,0,1,-90
1910,720000,719996,721688,0,0,1,-88
1915,720000,719996,721654,0,0,1,-86
1920,720000,719996,721620,0,0,1,-84
1925,720000,719996,721587,0,0,1,-83
1930,720000,719996,721555,0,0,1,-80
1935,720000,719996,721524,0,0,1,-79
1940,720000,719996,721494,0,0,1,-76
1945,720000,719996,721464,0,0,1,-76
1950,720000,719996,721435,0,0,1,-75
1955,720000,719996,721406,0,0,1,-72
1960,720000,719996,721378,0,0,1,-71
1965,720000,719996,721352,0,0,1,-70
1970,720000,719996,721326,0,0,1,-70
1975,720000,719996,721301,0,0,1,-66
1980,720000,719996,721276,0,0,1,-65
1985,720000,719996,721252,0,0,1,-64
1990,720000,719996,721228,0,0,1,-62
1995,720000,719996,721205,0,0,1,-61
2000,720000,719996,721182,0,0,1,-61
2005,720000,719996,721159,0,0,1,-59
2010,720000,719996,721136,0,0,1,-58
2015,720000,719996,721113,0,0,1,-58
2020,720000,719996,721091,0,0,1,-56
2025,720000,719996,721069,0,0,1,-55
2030,720000,719996,721048,0,0,1,-54
2035,720000,719996,721027,0,0,1,-52
2040,720000,719996,721006,0,0,1,-50
2045,720000,719996,720986,0,0,1,-50
2050,720000,719996,720966,0,0,1,-49
2055,720000,719996,720946,0,0,1,-47
2060,720000,719996,720927,0,0,1,-47
2065,720000,719996,720908,0,0,1,-45
2070,720000,719996,720890,0,0,1,-46
2075,720000,719996,720872,0,0,1,-44
2080,720000,719996,720854,0,0,1,-44
2085,720000,719996,720837,0,0,1,-42
2090,720000,719996,720820,0,0,1,-41
2095,720000,719996,720803,0,0,1,-41
2100,720000,719996,720787,0,0,1,-39
2105,720000,719996,720771,0,0,1,-38
2110,720000,719996,720755,0,0,1,-36
2115,720000,719996,720740,0,0,1,-37
2120,720000,719996,720726,0,0,1,-35
2125,720000,719996,720712,0,0,1,-35
2130,720000,719996,720698,0,0,1,-35
2135,720000,719996,720685,0,0,1,-34
2140,720000,719996,720672,0,0,1,-34
2145,720000,719996,720659,0,0,1,-32
2150,720000,719996,720646,0,0,1,-32
2155,720000,719996,720634,0,0,1,-32
2160,720000,719996,720622,0,0,1,-30
2165,720000,719996,720610,0,0,1,-31
2170,720000,719996,720597,0,0,1,-29
2175,720000,719996,720585,0,0,1,-29
2180,720000,719996,720573,0,0,1,-29
2185,720000,719996,720561,0,0,1,-27
2190,720000,719996,720549,0,0,1,-26
2195,720000,719996,720537,0,0,1,-25
2200,720000,719996,720526,0,0,1,-25
2205,720000,719996,720515,0,0,1,-24
2210,720000,719996,720504,0,0,1,-25
2215,720000,719996,720493,0,0,1,-23
2220,720000,719996,720483,0,0,1,-23
2225,720000,719996,720473,0,0,1,-21
2230,720000,719996,720463,0,0,1,-22
2235,720000,719996,720453,0,0,1,-22
2240,720000,719996,720443,0,0,1,-20
2245,720000,719996,720433,0,0,1,-20
2250,720000,719996,720424,0,0,1,-20
2255,720000,719996,720415,0,0,1,-20
2260,720000,719996,720406,0,0,1,-18
2265,720000,719996,720397,0,0,1,-18
2270,720000,719996,720388,0,0,1,-19
2275,720000,719996,720379,0,0,1,-17
2280,720000,719996,720371,0,0,1,-17
2285,720000,719996,720363,0,0,1,-16
2290,720000,719996,720355,0,0,1,-17
2295,720000,719996,720347,0,0,1,-17
2300,720000,719996,720339,0,0,1,-15
2305,720000,719996,720331,0,0,1,-15
2310,720000,719996,720324,0,0,1,-15
2315,720000,719996,720317,0,0,1,-14
2320,720000,719996,720310,0,0,1,-13
2325,720000,719996,720303,0,0,1,-13
2330,720000,719996,720296,0,0,1,-12
2335,720000,719996,720289,0,0,1,-12
2340,720000,719996,720282,0,0,1,-13
2345,720000,719996,720276,0,0,1,-11
2350,720000,719996,720270,0,0,1,-11
2355,720000,719996,720264,0,0,1,-11
2360,720000,719996,720258,0,0,1,-11
2365,720000,719996,720252,0,0,1,-9
2370,720000,719996,720246,0,0,1,-10
2375,720000,719996,720240,0,0,1,-10
2380,720000,719996,720234,0,0,1,-9
2385,720000,719996,720228,0,0,1,-9
2390,720000,719996,720223,0,0,1,-9
2395,720000,719996,720218,0,0,1,-9
2400,720000,719996,720213,0,0,1,-8
2405,720000,719996,720208,0,0,1,-8
2410,720000,719996,720203,0,0,1,-8
2415,720000,719996,720198,0,0,1,-8
2420,720000,719996,720193,0,0,1,-8
2425,720000,719996,720188,0,0,1,-6
2430,720000,719996,720183,0,0,1,-6
2435,720000,719996,720178,0,0,1,-7
2440,720000,719996,720174,0,0,1,-7
2445,720000,719996,720170,0,0,1,-7
2450,720000,719996,720166,0,0,1,-6
2455,720000,719996,720162,0,0,1,-6
2460,720000,719996,720158,0,0,1,-6
2465,720000,719996,720154,0,0,1,-6
2470,720000,719996,720150,0,0,1,-6
2475,720000,719996,720146,0,0,1,-4
2480,720000,719996,720142,0,0,1,-4
2485,720000,719996,720138,0,0,1,-5
2490,720000,719996,720134,0,0,1,-5
2495,720000,719996,720130,0,0,1,-5
2500,720000,719996,720126,0,0,1,-5
2505,720000,719996,720122,0,0,1,-3
2510,720000,719996,720118,0,0,1,-3
2515,720000,719996,720115,0,0,1,-3
2520,720000,719996,720112,0,0,1,-3
2525,720000,719996,720109,0,0,1,-3
2530,720000,719996,720106,0,0,1,-3
2535,720000,719996,720104,0,0,1,-2
2540,720000,719996,720102,0,0,1,-2
2545,720000,719996,720100,0,0,1,-2
2550,720000,719996,720098,0,0,1,-2
2555,720000,719996,720096,0,0,1,-2
2560,720000,719996,720094,0,0,1,-2
2565,720000,719996,720092,0,0,1,-2
2570,720000,719996,720090,0,0,1,-2
2575,720000,719996,720088,0,0,1,-2
2580,720000,719996,720086,0,0,1,-2
2585,720000,719996,720084,0,0,1,-2
2590,720000,719996,720082,0,0,1,-1
2595,720000,719996,720080,0,0,1,-1
2600,720000,719996,720078,0,0,1,-1
2605,720000,719996,720077,0,0,1,0
2610,720000,719996,720076,0,0,1,0
2615,720000,719996,720075,0,0,1,0
2620,720000,719996,720074,0,0,1,0
2625,720000,719996,720073,0,0,1,0
2630,720000,719996,720072,0,0,1,0
2635,720000,719996,720071,0,0,1,0
2640,720000,719996,720070,0,0,1,0
2645,720000,719996,720069,0,0,1,0
2650,720000,719996,720068,0,0,1,0
2655,720000,719996,720067,0,0,1,0
2660,720000,719996,720066,0,0,1,0
2665,720000,719996,720065,0,0,1,0
2670,720000,719996,720064,0,0,1,0
2675,720000,719996,720063,0,0,1,0
2680,720000,719996,720062,0,0,1,0
2685,720000,719996,720061,0,0,1,2
2690,720000,719996,720060,0,0,1,2
2695,720000,719996,720059,0,0,1,2
2700,720000,719996,720058,0,0,1,2
2705,720000,719996,720057,0,0,1,2
2710,720000,719996,720056,0,0,1,2
2715,720000,719996,720055,0,0,1,2
2720,720000,719996,720054,0,0,1,2
2725,720000,719996,720053,0,0,1,2
2730,720000,719996,720052,0,0,1,2
2735,720000,719996,720051,0,0,1,2
2740,720000,719996,720050,0,0,1,2
2745,720000,719996,720049,0,0,1,2
2750,720000,719996,720048,0,0,1,2
2755,720000,719996,720047,0,0,1,2
2760,720000,719996,720046,0,0,1,2
2765,720000,719996,720045,0,0,1,2
2770,720000,719996,720044,0,0,1,2
2775,720000,719996,720043,0,0,1,2
2780,720000,719996,720042,0,0,1,2
2785,720000,719996,720041,0,0,1,2
2790,720000,719996,720040,0,0,1,2
2795,720000,719996,720039,0,0,1,4
2800,720000,719996,720038,0,0,1,3
2805,720000,719996,720037,0,0,1,3
2810,720000,719996,720036,0,0,1,3
2815,720000,719996,720035,0,0,1,3
2820,720000,719996,720034,0,0,1,3
2825,720000,719996,720033,0,0,1,3
2830,720000,719996,720033,0,0,1,3
2835,720000,719996,720033,0,0,1,3
2840,720000,719996,720033,0,0,1,3
2845,720000,719996,720033,0,0,1,3
2850,720000,719996,720033,0,0,1,3
2855,720000,719996,720033,0,0,1,3
2860,720000,719996,720033,0,0,1,3
2865,720000,719996,720033,0,0,1,3
2870,720000,719996,720033,0,0,1,3
2875,720000,719996,720033,0,0,1,3
2880,720000,719996,720033,0,0,1,3
2885,720000,719996,720033,0,0,1,3
2890,720000,719996,720033,0,0,1,3
2895,720000,719996,720033,0,0,1,3
2900,720000,719996,720033,0,0,1,3
2905,720000,719996,720033,0,0,1,3
2910,720000,719996,720033,0,0,1,3
2915,720000,719996,720033,0,0,1,3
2920,720000,719996,720033,0,0,1,3
2925,720000,719996,720033,0,0,1,3
2930,720000,719996,720033,0,0,1,3
2935,720000,719996,720033,0,0,1,3
2940,720000,719996,720033,0,0,1,3
2945,720000,719996,720033,0,0,1,3
2950,720000,719996,720033,0,0,1,3
2955,720000,719996,720033,0,0,1,3
2960,720000,719996,720033,0,0,1,3
2965,720000,719996,720033,0,0,1,3
2970,720000,719996,720033,0,0,1,3
2975,720000,719996,720033,0,0,1,3
2980,720000,719996,720033,0,0,1,3
2985,720000,719996,720033,0,0,1,3
2990,720000,719996,720033,0,0,1,3
2995,720000,719996,720033,0,0,1,3
3000,720000,719996,720033,0,0,1,3
3005,720000,719996,720033,0,0,1,3
3010,720000,719996,720033,0,0,1,3
3015,720000,719996,720033,0,0,1,3
3020,720000,719996,720033,0,0,1,3
3025,720000,719996,720033,0,0,1,3
3030,720000,719996,720033,0,0,1,3
3035,720000,719996,720033,0,0,1,3
3040,720000,719996,720033,0,0,1,3
3045,720000,719996,720033,0,0,1,3
3050,720000,719996,720033,0,0,1,3
3055,720000,719996,720033,0,0,1,3
3060,720000,719996,720033,0,0,1,3
3065,720000,719996,720033,0,0,1,3
3070,720000,719996,720033,0,0,1,3
3075,720000,719996,720033,0,0,1,3
3080,720000,719996,720033,0,0,1,3
3085,720000,719996,720033,0,0,1,3
3090,720000,719996,720033,0,0,1,3
3095,720000,719996,720033,0,0,1,3
3100,720000,719996,720033,0,0,1,3
3105,720000,719996,720033,0,0,1,3
3110,720000,719996,720033,0,0,1,3
3115,720000,719996,720033,0,0,1,3
3120,720000,719996,720033,0,0,1,3
3125,720000,719996,720033,0,0,1,3
3130,720000,719996,720033,0,0,1,3
3135,720000,719996,720033,0,0,1,3
3140,720000,719996,720033,0,0,1,3
3145,720000,719996,720033,0,0,1,3
3150,720000,719996,720033,0,0,1,3
3155,720000,719996,720033,0,0,1,3
3160,720000,719996,720033,0,0,1,3
3165,720000,719996,720033,0,0,1,3
3170,720000,719996,720033,0,0,1,3
3175,720000,719996,720033,0,0,1,3
3180,720000,719996,720033,0,0,1,3
3185,720000,719996,720033,0,0,1,3
3190,720000,719996,720033,0,0,1,3
3195,720000,719996,720033,0,0,1,3
3200,720000,719996,720033,0,0,1,3
3205,720000,719996,720033,0,0,1,3
3210,720000,719996,720033,0,0,1,3
3215,720000,719996,720033,0,0,1,3
3220,720000,719996,720033,0,0,1,3
3225,720000,719996,720033,0,0,1,3
3230,720000,719996,720033,0,0,1,3
3235,720000,719996,720033,0,0,1,3
3240,720000,719996,720033,0,0,1,3
3245,720000,719996,720033,0,0,1,3
3250,720000,719996,720033,0,0,1,3
3255,720000,719996,720033,0,0,1,3
3260,720000,719996,720033,0,0,1,3
3265,720000,719996,720033,0,0,1,3
3270,720000,719996,720033,0,0,1,3
3275,720000,719996,720033,0,0,1,3
3280,720000,719996,720033,0,0,1,3
3285,720000,719996,720033,0,0,1,3
3290,720000,719996,720033,0,0,1,3
3295,720000,719996,720033,0,0,1,3
3300,720000,719996,720033,0,0,1,3
3305,720000,719996,720033,0,0,1,3
3310,720000,719996,720033,0,0,1,3
3315,720000,719996,720033,0,0,1,3
3320,720000,719996,720033,0,0,1,3
3325,720000,719996,720033,0,0,1,3
3330,720000,719996,720033,0,0,1,3
3335,720000,719996,720033,0,0,1,3
3340,720000,719996,720033,0,0,1,3
3345,720000,719996,720033,0,0,1,3
3350,720000,719996,720033,0,0,1,3
3355,720000,719996,720033,0,0,1,3
3360,720000,719996,720033,0,0,1,3
3365,720000,719996,720033,0,0,1,3
3370,720000,719996,720033,0,0,1,3
3375,720000,719996,720033,0,0,1,3
3380,720000,719996,720033,0,0,1,3
3385,720000,719996,720033,0,0,1,3
3390,720000,719996,720033,0,0,1,3
3395,720000,719996,720033,0,0,1,3
3400,720000,719996,720033,0,0,1,3
3405,720000,719996,720033,0,0,1,3
3410,720000,719996,720033,0,0,1,3
3415,720000,719996,720033,0,0,1,3
3420,720000,719996,720033,0,0,1,3
3425,720000,719996,720033,0,0,1,3
3430,720000,719996,720033,0,0,1,3
3435,720000,719996,720033,0,0,1,3
3440,720000,719996,720033,0,0,1,3
3445,720000,719996,720033,0,0,1,3
3450,720000,719996,720033,0,0,1,3
3455,720000,719996,720033,0,0,1,3
3460,720000,719996,720033,0,0,1,3
3465,720000,719996,720033,0,0,1,3
3470,720000,719996,720033,0,0,1,3
3475,720000,719996,720033,0,0,1,3
3480,720000,719996,720033,0,0,1,3
3485,720000,719996,720033,0,0,1,3
3490,720000,719996,720033,0,0,1,3
3495,720000,719996,720033,0,0,1,3
3500,720000,719996,720033,0,0,1,3
3505,720000,719996,720033,0,0,1,3
3510,720000,719996,720033,0,0,1,3
3515,720000,719996,720033,0,0,1,3
3520,720000,719996,720033,0,0,1,3
3525,720000,719996,720033,0,0,1,3
3530,720000,719996,720033,0,0,1,3
3535,720000,719996,720033,0,0,1,3
3540,720000,719996,720033,0,0,1,3
3545,720000,719996,720033,0,0,1,3
3550,720000,719996,720033,0,0,1,3
3555,720000,719996,720033,0,0,1,3
3560,720000,719996,720033,0,0,1,3
3565,720000,719996,720033,0,0,1,3
3570,720000,719996,720033,0,0,1,3
3575,720000,719996,720033,0,0,1,3
3580,720000,719996,720033,0,0,1,3
3585,720000,719996,720033,0,0,1,3
3590,720000,719996,720033,0,0,1,3
3595,720000,719996,720033,0,0,1,3
3600,720000,719996,720033,0,0,1,3
3605,720000,719996,720033,0,0,1,3
3610,720000,719996,720033,0,0,1,3
3615,720000,719996,720033,0,0,1,3
3620,720000,719996,720033,0,0,1,3
3625,720000,719996,720033,0,0,1,3
3630,720000,719996,720033,0,0,1,3
3635,720000,719996,720033,0,0,1,3
3640,720000,719996,720033,0,0,1,3
3645,720000,719996,720033,0,0,1,3
3650,720000,719996,720033,0,0,1,3
3655,720000,719996,720033,0,0,1,3
3660,720000,719996,720033,0,0,1,3
3665,720000,719996,720033,0,0,1,3
3670,720000,719996,720033,0,0,1,3
3675,720000,719996,720033,0,0,1,3
3680,720000,719996,720033,0,0,1,3
3685,720000,719996,720033,0,0,1,3
3690,720000,719996,720033,0,0,1,3
3695,720000,719996,720033,0,0,1,3
3700,720000,719996,720033,0,0,1,3
3705,720000,719996,720033,0,0,1,3
3710,720000,719996,720033,0,0,1,3
3715,720000,719996,720033,0,0,1,3
3720,720000,719996,720033,0,0,1,3
3725,720000,719996,720033,0,0,1,3
3730,720000,719996,720033,0,0,1,3
3735,720000,719996,720033,0,0,1,3
3740,720000,719996,720033,0,0,1,3
3745,720000,719996,720033,0,0,1,3
3750,720000,719996,720033,0,0,1,3
3755,720000,719996,720033,0,0,1,3
3760,720000,719996,720033,0,0,1,3
3765,720000,719996,720033,0,0,1,3
3770,720000,719996,720033,0,0,1,3
3775,720000,719996,720033,0,0,1,3
3780,720000,719996,720033,0,0,1,3
3785,720000,719996,720033,0,0,1,3
3790,720000,719996,720033,0,0,1,3
3795,720000,719996,720033,0,0,1,3
3800,720000,719996,720033,0,0,1,3
3805,720000,719996,720033,0,0,1,3
3810,720000,719996,720033,0,0,1,3
3815,720000,719996,720033,0,0,1,3
3820,720000,719996,720033,0,0,1,3
3825,720000,719996,720033,0,0,1,3
3830,720000,719996,720033,0,0,1,3
3835,720000,719996,720033,0,0,1,3
3840,720000,719996,720033,0,0,1,3
3845,720000,719996,720033,0,0,1,3
3850,720000,719996,720033,0,0,1,3
3855,720000,719996,720033,0,0,1,3
3860,720000,719996,720033,0,0,1,3
3865,720000,719996,720033,0,0,1,3
3870,720000,719996,720033,0,0,1,3
3875,720000,719996,720033,0,0,1,3
3880,720000,719996,720033,0,0,1,3
3885,720000,719996,720033,0,0,1,3
3890,720000,719996,720033,0,0,1,3
3895,720000,719996,720033,0,0,1,3
3900,720000,719996,720033,0,0,1,3
3905,720000,719996,720033,0,0,1,3
3910,720000,719996,720033,0,0,1,3
3915,720000,719996,720033,0,0,1,3
3920,720000,719996,720033,0,0,1,3
3925,720000,719996,720033,0,0,1,3
3930,720000,719996,720033,0,0,1,3
3935,720000,719996,720033,0,0,1,3
3940,720000,719996,720033,0,0,1,3
3945,720000,719996,720033,0,0,1,3
3950,720000,719996,720033,0,0,1,3
3955,720000,719996,720033,0,0,1,3
3960,720000,719996,720033,0,0,1,3
3965,720000,719996,720033,0,0,1,3
3970,720000,719996,720033,0,0,1,3
3975,720000,719996,720033,0,0,1,3
3980,720000,719996,720033,0,0,1,3
3985,720000,719996,720033,0,0,1,3
3990,720000,719996,720033,0,0,1,3
3995,720000,719996,720033,0,0,1,3
